Workbook

Sheet Tổng hợp điểm
B1: ĐIỂM THI HK1-2018-2019 (CT428)
B2: Ma CB | C2: 1043 | D2: Ho va ten | F2: Nguyen Minh Trung
B3: Ma MH | C3: CT428 | D3: Ma NH | F3: 8
B4: Nam hoc | C4: 2020-2021 | D4: Hoc ky | F4: 1
A6: STT | B6: Mã SV | C6: Họ và Tên | D6: Điểm TH 1 | E6: Điểm TH 2 | F6: Điểm TH 3 | G6: Điểm BT lớn | H6: Điểm LT | I6: Điểm tổng | J6: Điểm theo thang điểm 10 | K6: Điểm chữ
A7: 1 | B7: 0B1505719 | C7: =VLOOKUP(MID(B7,2,LEN(B7)),'Điểm thực hành các buổi'!$B$3:$C$41,2,0) -> Nguyễn Phước Hiếu | D7: =VLOOKUP(MID(B7,2,LEN(B7)),'Điểm thực hành các buổi'!$B$3:$D$41,3,0) -> 0.45 | E7: =VLOOKUP(MID(B7,2,LEN(B7)),'Điểm thực hành các buổi'!$B$3:$E$41,4,0) -> 0.25 | F7: =VLOOKUP(MID(B7,2,LEN(B7)),'Điểm thực hành các buổi'!$B$3:$F$41,5,0) -> 0.3 | G7: =VLOOKUP(MID(B7,2,LEN(B7)),'Điểm bài tập lớn'!$B$3:$D$41,3,0) -> 0.5 | H7: =VLOOKUP(MID(B7,2,LEN(B7)),'Điểm lý thuyết'!$B$3:$D$41,3,0) -> 4.2 | I7: =ROUND(IF(H7=-3,0,D7+E7+F7+G7+0.6*H7),1) -> 4 | J7: =IF(OR(G7=0,VALUE(LEFT(B7,1))>2),0,ROUND(I7+VLOOKUP(VALUE(LEFT(B7,1)),'Các bảng tham chiếu & Thống kê'!$E$3:$F$5,2,0),1)) -> 5 | K7: =LOOKUP(J7,'Các bảng tham chiếu & Thống kê'!$A$3:$A$10,'Các bảng tham chiếu & Thống kê'!$B$3:$B$10) -> D+
A8: 2 | B8: 1B1505915 | C8: =VLOOKUP(MID(B8,2,LEN(B8)),'Điểm thực hành các buổi'!$B$3:$C$41,2,0) -> Lý Minh Trí | D8: =VLOOKUP(MID(B8,2,LEN(B8)),'Điểm thực hành các buổi'!$B$3:$D$41,3,0) -> 0.5 | E8: =VLOOKUP(MID(B8,2,LEN(B8)),'Điểm thực hành các buổi'!$B$3:$E$41,4,0) -> 0.35 | F8: =VLOOKUP(MID(B8,2,LEN(B8)),'Điểm thực hành các buổi'!$B$3:$F$41,5,0) -> 0.4 | G8: =VLOOKUP(MID(B8,2,LEN(B8)),'Điểm bài tập lớn'!$B$3:$D$41,3,0) -> 1 | H8: =VLOOKUP(MID(B8,2,LEN(B8)),'Điểm lý thuyết'!$B$3:$D$41,3,0) -> 5.8 | I8: =ROUND(IF(H8=-3,0,D8+E8+F8+G8+0.6*H8),1) -> 5.7 | J8: =IF(OR(G8=0,VALUE(LEFT(B8,1))>2),0,ROUND(I8+VLOOKUP(VALUE(LEFT(B8,1)),'Các bảng tham chiếu & Thống kê'!$E$3:$F$5,2,0),1)) -> 6.2 | K8: =LOOKUP(J8,'Các bảng tham chiếu & Thống kê'!$A$3:$A$10,'Các bảng tham chiếu & Thống kê'!$B$3:$B$10) -> C
A9: 3 | B9: 0B1509874 | C9: =VLOOKUP(MID(B9,2,LEN(B9)),'Điểm thực hành các buổi'!$B$3:$C$41,2,0) -> Nguyễn Kiều Mi | D9: =VLOOKUP(MID(B9,2,LEN(B9)),'Điểm thực hành các buổi'!$B$3:$D$41,3,0) -> 0.25 | E9: =VLOOKUP(MID(B9,2,LEN(B9)),'Điểm thực hành các buổi'!$B$3:$E$41,4,0) -> 0.25 | F9: =VLOOKUP(MID(B9,2,LEN(B9)),'Điểm thực hành các buổi'!$B$3:$F$41,5,0) -> 0.3 | G9: =VLOOKUP(MID(B9,2,LEN(B9)),'Điểm bài tập lớn'!$B$3:$D$41,3,0) -> 0.5 | H9: =VLOOKUP(MID(B9,2,LEN(B9)),'Điểm lý thuyết'!$B$3:$D$41,3,0) -> 5.8 | I9: =ROUND(IF(H9=-3,0,D9+E9+F9+G9+0.6*H9),1) -> 4.8 | J9: =IF(OR(G9=0,VALUE(LEFT(B9,1))>2),0,ROUND(I9+VLOOKUP(VALUE(LEFT(B9,1)),'Các bảng tham chiếu & Thống kê'!$E$3:$F$5,2,0),1)) -> 5.8 | K9: =LOOKUP(J9,'Các bảng tham chiếu & Thống kê'!$A$3:$A$10,'Các bảng tham chiếu & Thống kê'!$B$3:$B$10) -> C
A10: 4 | B10: 0B1509929 | C10: =VLOOKUP(MID(B10,2,LEN(B10)),'Điểm thực hành các buổi'!$B$3:$C$41,2,0) -> Đặng Duy Linh | D10: =VLOOKUP(MID(B10,2,LEN(B10)),'Điểm thực hành các buổi'!$B$3:$D$41,3,0) -> 0.4 | E10: =VLOOKUP(MID(B10,2,LEN(B10)),'Điểm thực hành các buổi'!$B$3:$E$41,4,0) -> 0.25 | F10: =VLOOKUP(MID(B10,2,LEN(B10)),'Điểm thực hành các buổi'!$B$3:$F$41,5,0) -> 0.35 | G10: =VLOOKUP(MID(B10,2,LEN(B10)),'Điểm bài tập lớn'!$B$3:$D$41,3,0) -> 1 | H10: =VLOOKUP(MID(B10,2,LEN(B10)),'Điểm lý thuyết'!$B$3:$D$41,3,0) -> 4.5 | I10: =ROUND(IF(H10=-3,0,D10+E10+F10+G10+0.6*H10),1) -> 4.7 | J10: =IF(OR(G10=0,VALUE(LEFT(B10,1))>2),0,ROUND(I10+VLOOKUP(VALUE(LEFT(B10,1)),'Các bảng tham chiếu & Thống kê'!$E$3:$F$5,2,0),1)) -> 5.7 | K10: =LOOKUP(J10,'Các bảng tham chiếu & Thống kê'!$A$3:$A$10,'Các bảng tham chiếu & Thống kê'!$B$3:$B$10) -> C
A11: 5 | B11: 2B1605223 | C11: =VLOOKUP(MID(B11,2,LEN(B11)),'Điểm thực hành các buổi'!$B$3:$C$41,2,0) -> Lê Thị Trúc Linh | D11: =VLOOKUP(MID(B11,2,LEN(B11)),'Điểm thực hành các buổi'!$B$3:$D$41,3,0) -> 0.45 | E11: =VLOOKUP(MID(B11,2,LEN(B11)),'Điểm thực hành các buổi'!$B$3:$E$41,4,0) -> 0.4 | F11: =VLOOKUP(MID(B11,2,LEN(B11)),'Điểm thực hành các buổi'!$B$3:$F$41,5,0) -> 0.35 | G11: =VLOOKUP(MID(B11,2,LEN(B11)),'Điểm bài tập lớn'!$B$3:$D$41,3,0) -> 0.75 | H11: =VLOOKUP(MID(B11,2,LEN(B11)),'Điểm lý thuyết'!$B$3:$D$41,3,0) -> 5.5 | I11: =ROUND(IF(H11=-3,0,D11+E11+F11+G11+0.6*H11),1) -> 5.3 | J11: =IF(OR(G11=0,VALUE(LEFT(B11,1))>2),0,ROUND(I11+VLOOKUP(VALUE(LEFT(B11,1)),'Các bảng tham chiếu & Thống kê'!$E$3:$F$5,2,0),1)) -> 5.6 | K11: =LOOKUP(J11,'Các bảng tham chiếu & Thống kê'!$A$3:$A$10,'Các bảng tham chiếu & Thống kê'!$B$3:$B$10) -> C
A12: 6 | B12: 0B1605235 | C12: =VLOOKUP(MID(B12,2,LEN(B12)),'Điểm thực hành các buổi'!$B$3:$C$41,2,0) -> Phạm Thị Huỳnh Như | D12: =VLOOKUP(MID(B12,2,LEN(B12)),'Điểm thực hành các buổi'!$B$3:$D$41,3,0) -> 0.4 | E12: =VLOOKUP(MID(B12,2,LEN(B12)),'Điểm thực hành các buổi'!$B$3:$E$41,4,0) -> 0.45 | F12: =VLOOKUP(MID(B12,2,LEN(B12)),'Điểm thực hành các buổi'!$B$3:$F$41,5,0) -> 0.5 | G12: =VLOOKUP(MID(B12,2,LEN(B12)),'Điểm bài tập lớn'!$B$3:$D$41,3,0) -> 1.2 | H12: =VLOOKUP(MID(B12,2,LEN(B12)),'Điểm lý thuyết'!$B$3:$D$41,3,0) -> 7.5 | I12: =ROUND(IF(H12=-3,0,D12+E12+F12+G12+0.6*H12),1) -> 7.1 | J12: =IF(OR(G12=0,VALUE(LEFT(B12,1))>2),0,ROUND(I12+VLOOKUP(VALUE(LEFT(B12,1)),'Các bảng tham chiếu & Thống kê'!$E$3:$F$5,2,0),1)) -> 8.1 | K12: =LOOKUP(J12,'Các bảng tham chiếu & Thống kê'!$A$3:$A$10,'Các bảng tham chiếu & Thống kê'!$B$3:$B$10) -> B+
A13: 7 | B13: 0B1605249 | C13: =VLOOKUP(MID(B13,2,LEN(B13)),'Điểm thực hành các buổi'!$B$3:$C$41,2,0) -> Lê Minh Thông | D13: =VLOOKUP(MID(B13,2,LEN(B13)),'Điểm thực hành các buổi'!$B$3:$D$41,3,0) -> 0.4 | E13: =VLOOKUP(MID(B13,2,LEN(B13)),'Điểm thực hành các buổi'!$B$3:$E$41,4,0) -> 0.4 | F13: =VLOOKUP(MID(B13,2,LEN(B13)),'Điểm thực hành các buổi'!$B$3:$F$41,5,0) -> 0.4 | G13: =VLOOKUP(MID(B13,2,LEN(B13)),'Điểm bài tập lớn'!$B$3:$D$41,3,0) -> 1 | H13: =VLOOKUP(MID(B13,2,LEN(B13)),'Điểm lý thuyết'!$B$3:$D$41,3,0) -> 5.3 | I13: =ROUND(IF(H13=-3,0,D13+E13+F13+G13+0.6*H13),1) -> 5.4 | J13: =IF(OR(G13=0,VALUE(LEFT(B13,1))>2),0,ROUND(I13+VLOOKUP(VALUE(LEFT(B13,1)),'Các bảng tham chiếu & Thống kê'!$E$3:$F$5,2,0),1)) -> 6.4 | K13: =LOOKUP(J13,'Các bảng tham chiếu & Thống kê'!$A$3:$A$10,'Các bảng tham chiếu & Thống kê'!$B$3:$B$10) -> C
A14: 8 | B14: 0B1605257 | C14: =VLOOKUP(MID(B14,2,LEN(B14)),'Điểm thực hành các buổi'!$B$3:$C$41,2,0) -> Quách Thu Vân | D14: =VLOOKUP(MID(B14,2,LEN(B14)),'Điểm thực hành các buổi'!$B$3:$D$41,3,0) -> 0.45 | E14: =VLOOKUP(MID(B14,2,LEN(B14)),'Điểm thực hành các buổi'!$B$3:$E$41,4,0) -> 0.4 | F14: =VLOOKUP(MID(B14,2,LEN(B14)),'Điểm thực hành các buổi'!$B$3:$F$41,5,0) -> 0.4 | G14: =VLOOKUP(MID(B14,2,LEN(B14)),'Điểm bài tập lớn'!$B$3:$D$41,3,0) -> 1 | H14: =VLOOKUP(MID(B14,2,LEN(B14)),'Điểm lý thuyết'!$B$3:$D$41,3,0) -> 7.7 | I14: =ROUND(IF(H14=-3,0,D14+E14+F14+G14+0.6*H14),1) -> 6.9 | J14: =IF(OR(G14=0,VALUE(LEFT(B14,1))>2),0,ROUND(I14+VLOOKUP(VALUE(LEFT(B14,1)),'Các bảng tham chiếu & Thống kê'!$E$3:$F$5,2,0),1)) -> 7.9 | K14: =LOOKUP(J14,'Các bảng tham chiếu & Thống kê'!$A$3:$A$10,'Các bảng tham chiếu & Thống kê'!$B$3:$B$10) -> B
A15: 9 | B15: 3B1605281 | C15: =VLOOKUP(MID(B15,2,LEN(B15)),'Điểm thực hành các buổi'!$B$3:$C$41,2,0) -> Trần Thị Kim Khoa | D15: =VLOOKUP(MID(B15,2,LEN(B15)),'Điểm thực hành các buổi'!$B$3:$D$41,3,0) -> 0.5 | E15: =VLOOKUP(MID(B15,2,LEN(B15)),'Điểm thực hành các buổi'!$B$3:$E$41,4,0) -> 0.4 | F15: =VLOOKUP(MID(B15,2,LEN(B15)),'Điểm thực hành các buổi'!$B$3:$F$41,5,0) -> 0.4 | G15: =VLOOKUP(MID(B15,2,LEN(B15)),'Điểm bài tập lớn'!$B$3:$D$41,3,0) -> 1 | H15: =VLOOKUP(MID(B15,2,LEN(B15)),'Điểm lý thuyết'!$B$3:$D$41,3,0) -> -3 | I15: =ROUND(IF(H15=-3,0,D15+E15+F15+G15+0.6*H15),1) -> 0 | J15: =IF(OR(G15=0,VALUE(LEFT(B15,1))>2),0,ROUND(I15+VLOOKUP(VALUE(LEFT(B15,1)),'Các bảng tham chiếu & Thống kê'!$E$3:$F$5,2,0),1)) -> 0 | K15: =LOOKUP(J15,'Các bảng tham chiếu & Thống kê'!$A$3:$A$10,'Các bảng tham chiếu & Thống kê'!$B$3:$B$10) -> F
A16: 10 | B16: 0B1605285 | C16: =VLOOKUP(MID(B16,2,LEN(B16)),'Điểm thực hành các buổi'!$B$3:$C$41,2,0) -> Huỳnh Thị Hồng Loan | D16: =VLOOKUP(MID(B16,2,LEN(B16)),'Điểm thực hành các buổi'!$B$3:$D$41,3,0) -> 0.45 | E16: =VLOOKUP(MID(B16,2,LEN(B16)),'Điểm thực hành các buổi'!$B$3:$E$41,4,0) -> 0.4 | F16: =VLOOKUP(MID(B16,2,LEN(B16)),'Điểm thực hành các buổi'!$B$3:$F$41,5,0) -> 0.45 | G16: =VLOOKUP(MID(B16,2,LEN(B16)),'Điểm bài tập lớn'!$B$3:$D$41,3,0) -> 0 | H16: =VLOOKUP(MID(B16,2,LEN(B16)),'Điểm lý thuyết'!$B$3:$D$41,3,0) -> 6.8 | I16: =ROUND(IF(H16=-3,0,D16+E16+F16+G16+0.6*H16),1) -> 5.4 | J16: =IF(OR(G16=0,VALUE(LEFT(B16,1))>2),0,ROUND(I16+VLOOKUP(VALUE(LEFT(B16,1)),'Các bảng tham chiếu & Thống kê'!$E$3:$F$5,2,0),1)) -> 0 | K16: =LOOKUP(J16,'Các bảng tham chiếu & Thống kê'!$A$3:$A$10,'Các bảng tham chiếu & Thống kê'!$B$3:$B$10) -> F
A17: 11 | B17: 0B1605291 | C17: =VLOOKUP(MID(B17,2,LEN(B17)),'Điểm thực hành các buổi'!$B$3:$C$41,2,0) -> Trần Thị Thanh Nguyên | D17: =VLOOKUP(MID(B17,2,LEN(B17)),'Điểm thực hành các buổi'!$B$3:$D$41,3,0) -> 0.45 | E17: =VLOOKUP(MID(B17,2,LEN(B17)),'Điểm thực hành các buổi'!$B$3:$E$41,4,0) -> 0.4 | F17: =VLOOKUP(MID(B17,2,LEN(B17)),'Điểm thực hành các buổi'!$B$3:$F$41,5,0) -> 0.4 | G17: =VLOOKUP(MID(B17,2,LEN(B17)),'Điểm bài tập lớn'!$B$3:$D$41,3,0) -> 0.75 | H17: =VLOOKUP(MID(B17,2,LEN(B17)),'Điểm lý thuyết'!$B$3:$D$41,3,0) -> 6.3 | I17: =ROUND(IF(H17=-3,0,D17+E17+F17+G17+0.6*H17),1) -> 5.8 | J17: =IF(OR(G17=0,VALUE(LEFT(B17,1))>2),0,ROUND(I17+VLOOKUP(VALUE(LEFT(B17,1)),'Các bảng tham chiếu & Thống kê'!$E$3:$F$5,2,0),1)) -> 6.8 | K17: =LOOKUP(J17,'Các bảng tham chiếu & Thống kê'!$A$3:$A$10,'Các bảng tham chiếu & Thống kê'!$B$3:$B$10) -> C+
A18: 12 | B18: 1B1605344 | C18: =VLOOKUP(MID(B18,2,LEN(B18)),'Điểm thực hành các buổi'!$B$3:$C$41,2,0) -> Nguyễn Thị Thúy Nga | D18: =VLOOKUP(MID(B18,2,LEN(B18)),'Điểm thực hành các buổi'!$B$3:$D$41,3,0) -> 0.3 | E18: =VLOOKUP(MID(B18,2,LEN(B18)),'Điểm thực hành các buổi'!$B$3:$E$41,4,0) -> 0.5 | F18: =VLOOKUP(MID(B18,2,LEN(B18)),'Điểm thực hành các buổi'!$B$3:$F$41,5,0) -> 0.45 | G18: =VLOOKUP(MID(B18,2,LEN(B18)),'Điểm bài tập lớn'!$B$3:$D$41,3,0) -> 0.3 | H18: =VLOOKUP(MID(B18,2,LEN(B18)),'Điểm lý thuyết'!$B$3:$D$41,3,0) -> 8.3 | I18: =ROUND(IF(H18=-3,0,D18+E18+F18+G18+0.6*H18),1) -> 6.5 | J18: =IF(OR(G18=0,VALUE(LEFT(B18,1))>2),0,ROUND(I18+VLOOKUP(VALUE(LEFT(B18,1)),'Các bảng tham chiếu & Thống kê'!$E$3:$F$5,2,0),1)) -> 7 | K18: =LOOKUP(J18,'Các bảng tham chiếu & Thống kê'!$A$3:$A$10,'Các bảng tham chiếu & Thống kê'!$B$3:$B$10) -> B
... A45: 39 | B45: 1B1709313 | C45: =VLOOKUP(MID(B45,2,LEN(B45)),'Điểm thực hành các buổi'!$B$3:$C$41,2,0) -> Võ Thị Thùy Trang | D45: =VLOOKUP(MID(B45,2,LEN(B45)),'Điểm thực hành các buổi'!$B$3:$D$41,3,0) -> 0.4 | E45: =VLOOKUP(MID(B45,2,LEN(B45)),'Điểm thực hành các buổi'!$B$3:$E$41,4,0) -> 0.4 | F45: =VLOOKUP(MID(B45,2,LEN(B45)),'Điểm thực hành các buổi'!$B$3:$F$41,5,0) -> 0.4 | G45: =VLOOKUP(MID(B45,2,LEN(B45)),'Điểm bài tập lớn'!$B$3:$D$41,3,0) -> 0.75 | H45: =VLOOKUP(MID(B45,2,LEN(B45)),'Điểm lý thuyết'!$B$3:$D$41,3,0) -> 3.2 | I45: =ROUND(IF(H45=-3,0,D45+E45+F45+G45+0.6*H45),1) -> 3.9 | J45: =IF(OR(G45=0,VALUE(LEFT(B45,1))>2),0,ROUND(I45+VLOOKUP(VALUE(LEFT(B45,1)),'Các bảng tham chiếu & Thống kê'!$E$3:$F$5,2,0),1)) -> 4.4 | K45: =LOOKUP(J45,'Các bảng tham chiếu & Thống kê'!$A$3:$A$10,'Các bảng tham chiếu & Thống kê'!$B$3:$B$10) -> D

Sheet SINH VIEN DIEM<7
A1: STT | B1: Mã SV | C1: Họ và Tên | D1: Điểm TH 1 | E1: Điểm TH 2 | F1: Điểm TH 3 | G1: Điểm BT lớn | H1: Điểm LT | I1: Điểm tổng | J1: Điểm theo thang điểm 10 | K1: Điểm chữ
A2: 1 | B2: 0B1505719 | C2: =VLOOKUP(MID(B2,2,LEN(B2)),'Điểm thực hành các buổi'!$B$3:$C$41,2,0) -> Nguyễn Phước Hiếu | D2: =VLOOKUP(MID(B2,2,LEN(B2)),'Điểm thực hành các buổi'!$B$3:$D$41,3,0) -> 0.45 | E2: =VLOOKUP(MID(B2,2,LEN(B2)),'Điểm thực hành các buổi'!$B$3:$E$41,4,0) -> 0.25 | F2: =VLOOKUP(MID(B2,2,LEN(B2)),'Điểm thực hành các buổi'!$B$3:$F$41,5,0) -> 0.3 | G2: =VLOOKUP(MID(B2,2,LEN(B2)),'Điểm bài tập lớn'!$B$3:$D$41,3,0) -> 0.5 | H2: =VLOOKUP(MID(B2,2,LEN(B2)),'Điểm lý thuyết'!$B$3:$D$41,3,0) -> 4.2 | I2: =IF(H2=-3,0,D2+E2+F2+G2+0.6*H2) -> 4.02 | J2: =IF(OR(G2=0,VALUE(LEFT(B2,1))>2),0,ROUND(I2+VLOOKUP(VALUE(LEFT(B2,1)),'Các bảng tham chiếu & Thống kê'!$E$3:$F$5,2,0),1)) -> 5 | K2: =LOOKUP(J2,'Các bảng tham chiếu & Thống kê'!$A$3:$A$10,'Các bảng tham chiếu & Thống kê'!$B$3:$B$10) -> D+
A3: 2 | B3: 1B1505915 | C3: =VLOOKUP(MID(B3,2,LEN(B3)),'Điểm thực hành các buổi'!$B$3:$C$41,2,0) -> Lý Minh Trí | D3: =VLOOKUP(MID(B3,2,LEN(B3)),'Điểm thực hành các buổi'!$B$3:$D$41,3,0) -> 0.5 | E3: =VLOOKUP(MID(B3,2,LEN(B3)),'Điểm thực hành các buổi'!$B$3:$E$41,4,0) -> 0.35 | F3: =VLOOKUP(MID(B3,2,LEN(B3)),'Điểm thực hành các buổi'!$B$3:$F$41,5,0) -> 0.4 | G3: =VLOOKUP(MID(B3,2,LEN(B3)),'Điểm bài tập lớn'!$B$3:$D$41,3,0) -> 1 | H3: =VLOOKUP(MID(B3,2,LEN(B3)),'Điểm lý thuyết'!$B$3:$D$41,3,0) -> 5.8 | I3: =IF(H3=-3,0,D3+E3+F3+G3+0.6*H3) -> 5.73 | J3: =IF(OR(G3=0,VALUE(LEFT(B3,1))>2),0,ROUND(I3+VLOOKUP(VALUE(LEFT(B3,1)),'Các bảng tham chiếu & Thống kê'!$E$3:$F$5,2,0),1)) -> 6.2 | K3: =LOOKUP(J3,'Các bảng tham chiếu & Thống kê'!$A$3:$A$10,'Các bảng tham chiếu & Thống kê'!$B$3:$B$10) -> C
A4: 3 | B4: 0B1509874 | C4: =VLOOKUP(MID(B4,2,LEN(B4)),'Điểm thực hành các buổi'!$B$3:$C$41,2,0) -> Nguyễn Kiều Mi | D4: =VLOOKUP(MID(B4,2,LEN(B4)),'Điểm thực hành các buổi'!$B$3:$D$41,3,0) -> 0.25 | E4: =VLOOKUP(MID(B4,2,LEN(B4)),'Điểm thực hành các buổi'!$B$3:$E$41,4,0) -> 0.25 | F4: =VLOOKUP(MID(B4,2,LEN(B4)),'Điểm thực hành các buổi'!$B$3:$F$41,5,0) -> 0.3 | G4: =VLOOKUP(MID(B4,2,LEN(B4)),'Điểm bài tập lớn'!$B$3:$D$41,3,0) -> 0.5 | H4: =VLOOKUP(MID(B4,2,LEN(B4)),'Điểm lý thuyết'!$B$3:$D$41,3,0) -> 5.8 | I4: =IF(H4=-3,0,D4+E4+F4+G4+0.6*H4) -> 4.78 | J4: =IF(OR(G4=0,VALUE(LEFT(B4,1))>2),0,ROUND(I4+VLOOKUP(VALUE(LEFT(B4,1)),'Các bảng tham chiếu & Thống kê'!$E$3:$F$5,2,0),1)) -> 5.8 | K4: =LOOKUP(J4,'Các bảng tham chiếu & Thống kê'!$A$3:$A$10,'Các bảng tham chiếu & Thống kê'!$B$3:$B$10) -> C
A5: 4 | B5: 0B1509929 | C5: =VLOOKUP(MID(B5,2,LEN(B5)),'Điểm thực hành các buổi'!$B$3:$C$41,2,0) -> Đặng Duy Linh | D5: =VLOOKUP(MID(B5,2,LEN(B5)),'Điểm thực hành các buổi'!$B$3:$D$41,3,0) -> 0.4 | E5: =VLOOKUP(MID(B5,2,LEN(B5)),'Điểm thực hành các buổi'!$B$3:$E$41,4,0) -> 0.25 | F5: =VLOOKUP(MID(B5,2,LEN(B5)),'Điểm thực hành các buổi'!$B$3:$F$41,5,0) -> 0.35 | G5: =VLOOKUP(MID(B5,2,LEN(B5)),'Điểm bài tập lớn'!$B$3:$D$41,3,0) -> 1 | H5: =VLOOKUP(MID(B5,2,LEN(B5)),'Điểm lý thuyết'!$B$3:$D$41,3,0) -> 4.5 | I5: =IF(H5=-3,0,D5+E5+F5+G5+0.6*H5) -> 4.7 | J5: =IF(OR(G5=0,VALUE(LEFT(B5,1))>2),0,ROUND(I5+VLOOKUP(VALUE(LEFT(B5,1)),'Các bảng tham chiếu & Thống kê'!$E$3:$F$5,2,0),1)) -> 5.7 | K5: =LOOKUP(J5,'Các bảng tham chiếu & Thống kê'!$A$3:$A$10,'Các bảng tham chiếu & Thống kê'!$B$3:$B$10) -> C
A6: 5 | B6: 2B1605223 | C6: =VLOOKUP(MID(B6,2,LEN(B6)),'Điểm thực hành các buổi'!$B$3:$C$41,2,0) -> Lê Thị Trúc Linh | D6: =VLOOKUP(MID(B6,2,LEN(B6)),'Điểm thực hành các buổi'!$B$3:$D$41,3,0) -> 0.45 | E6: =VLOOKUP(MID(B6,2,LEN(B6)),'Điểm thực hành các buổi'!$B$3:$E$41,4,0) -> 0.4 | F6: =VLOOKUP(MID(B6,2,LEN(B6)),'Điểm thực hành các buổi'!$B$3:$F$41,5,0) -> 0.35 | G6: =VLOOKUP(MID(B6,2,LEN(B6)),'Điểm bài tập lớn'!$B$3:$D$41,3,0) -> 0.75 | H6: =VLOOKUP(MID(B6,2,LEN(B6)),'Điểm lý thuyết'!$B$3:$D$41,3,0) -> 5.5 | I6: =IF(H6=-3,0,D6+E6+F6+G6+0.6*H6) -> 5.25 | J6: =IF(OR(G6=0,VALUE(LEFT(B6,1))>2),0,ROUND(I6+VLOOKUP(VALUE(LEFT(B6,1)),'Các bảng tham chiếu & Thống kê'!$E$3:$F$5,2,0),1)) -> 5.5 | K6: =LOOKUP(J6,'Các bảng tham chiếu & Thống kê'!$A$3:$A$10,'Các bảng tham chiếu & Thống kê'!$B$3:$B$10) -> C
A7: 7 | B7: 0B1605249 | C7: =VLOOKUP(MID(B7,2,LEN(B7)),'Điểm thực hành các buổi'!$B$3:$C$41,2,0) -> Lê Minh Thông | D7: =VLOOKUP(MID(B7,2,LEN(B7)),'Điểm thực hành các buổi'!$B$3:$D$41,3,0) -> 0.4 | E7: =VLOOKUP(MID(B7,2,LEN(B7)),'Điểm thực hành các buổi'!$B$3:$E$41,4,0) -> 0.4 | F7: =VLOOKUP(MID(B7,2,LEN(B7)),'Điểm thực hành các buổi'!$B$3:$F$41,5,0) -> 0.4 | G7: =VLOOKUP(MID(B7,2,LEN(B7)),'Điểm bài tập lớn'!$B$3:$D$41,3,0) -> 1 | H7: =VLOOKUP(MID(B7,2,LEN(B7)),'Điểm lý thuyết'!$B$3:$D$41,3,0) -> 5.3 | I7: =IF(H7=-3,0,D7+E7+F7+G7+0.6*H7) -> 5.38 | J7: =IF(OR(G7=0,VALUE(LEFT(B7,1))>2),0,ROUND(I7+VLOOKUP(VALUE(LEFT(B7,1)),'Các bảng tham chiếu & Thống kê'!$E$3:$F$5,2,0),1)) -> 6.4 | K7: =LOOKUP(J7,'Các bảng tham chiếu & Thống kê'!$A$3:$A$10,'Các bảng tham chiếu & Thống kê'!$B$3:$B$10) -> C
A8: 9 | B8: 3B1605281 | C8: =VLOOKUP(MID(B8,2,LEN(B8)),'Điểm thực hành các buổi'!$B$3:$C$41,2,0) -> Trần Thị Kim Khoa | D8: =VLOOKUP(MID(B8,2,LEN(B8)),'Điểm thực hành các buổi'!$B$3:$D$41,3,0) -> 0.5 | E8: =VLOOKUP(MID(B8,2,LEN(B8)),'Điểm thực hành các buổi'!$B$3:$E$41,4,0) -> 0.4 | F8: =VLOOKUP(MID(B8,2,LEN(B8)),'Điểm thực hành các buổi'!$B$3:$F$41,5,0) -> 0.4 | G8: =VLOOKUP(MID(B8,2,LEN(B8)),'Điểm bài tập lớn'!$B$3:$D$41,3,0) -> 1 | H8: =VLOOKUP(MID(B8,2,LEN(B8)),'Điểm lý thuyết'!$B$3:$D$41,3,0) -> -3 | I8: =IF(H8=-3,0,D8+E8+F8+G8+0.6*H8) -> 0 | J8: =IF(OR(G8=0,VALUE(LEFT(B8,1))>2),0,ROUND(I8+VLOOKUP(VALUE(LEFT(B8,1)),'Các bảng tham chiếu & Thống kê'!$E$3:$F$5,2,0),1)) -> 0 | K8: =LOOKUP(J8,'Các bảng tham chiếu & Thống kê'!$A$3:$A$10,'Các bảng tham chiếu & Thống kê'!$B$3:$B$10) -> F
A9: 10 | B9: 0B1605285 | C9: =VLOOKUP(MID(B9,2,LEN(B9)),'Điểm thực hành các buổi'!$B$3:$C$41,2,0) -> Huỳnh Thị Hồng Loan | D9: =VLOOKUP(MID(B9,2,LEN(B9)),'Điểm thực hành các buổi'!$B$3:$D$41,3,0) -> 0.45 | E9: =VLOOKUP(MID(B9,2,LEN(B9)),'Điểm thực hành các buổi'!$B$3:$E$41,4,0) -> 0.4 | F9: =VLOOKUP(MID(B9,2,LEN(B9)),'Điểm thực hành các buổi'!$B$3:$F$41,5,0) -> 0.45 | G9: =VLOOKUP(MID(B9,2,LEN(B9)),'Điểm bài tập lớn'!$B$3:$D$41,3,0) -> 0 | H9: =VLOOKUP(MID(B9,2,LEN(B9)),'Điểm lý thuyết'!$B$3:$D$41,3,0) -> 6.8 | I9: =IF(H9=-3,0,D9+E9+F9+G9+0.6*H9) -> 5.38 | J9: =IF(OR(G9=0,VALUE(LEFT(B9,1))>2),0,ROUND(I9+VLOOKUP(VALUE(LEFT(B9,1)),'Các bảng tham chiếu & Thống kê'!$E$3:$F$5,2,0),1)) -> 0 | K9: =LOOKUP(J9,'Các bảng tham chiếu & Thống kê'!$A$3:$A$10,'Các bảng tham chiếu & Thống kê'!$B$3:$B$10) -> F
A10: 11 | B10: 0B1605291 | C10: =VLOOKUP(MID(B10,2,LEN(B10)),'Điểm thực hành các buổi'!$B$3:$C$41,2,0) -> Trần Thị Thanh Nguyên | D10: =VLOOKUP(MID(B10,2,LEN(B10)),'Điểm thực hành các buổi'!$B$3:$D$41,3,0) -> 0.45 | E10: =VLOOKUP(MID(B10,2,LEN(B10)),'Điểm thực hành các buổi'!$B$3:$E$41,4,0) -> 0.4 | F10: =VLOOKUP(MID(B10,2,LEN(B10)),'Điểm thực hành các buổi'!$B$3:$F$41,5,0) -> 0.4 | G10: =VLOOKUP(MID(B10,2,LEN(B10)),'Điểm bài tập lớn'!$B$3:$D$41,3,0) -> 0.75 | H10: =VLOOKUP(MID(B10,2,LEN(B10)),'Điểm lý thuyết'!$B$3:$D$41,3,0) -> 6.3 | I10: =IF(H10=-3,0,D10+E10+F10+G10+0.6*H10) -> 5.78 | J10: =IF(OR(G10=0,VALUE(LEFT(B10,1))>2),0,ROUND(I10+VLOOKUP(VALUE(LEFT(B10,1)),'Các bảng tham chiếu & Thống kê'!$E$3:$F$5,2,0),1)) -> 6.8 | K10: =LOOKUP(J10,'Các bảng tham chiếu & Thống kê'!$A$3:$A$10,'Các bảng tham chiếu & Thống kê'!$B$3:$B$10) -> C+
A11: 13 | B11: 0B1606845 | C11: =VLOOKUP(MID(B11,2,LEN(B11)),'Điểm thực hành các buổi'!$B$3:$C$41,2,0) -> Vũ Mạnh Thắng | D11: =VLOOKUP(MID(B11,2,LEN(B11)),'Điểm thực hành các buổi'!$B$3:$D$41,3,0) -> 0.4 | E11: =VLOOKUP(MID(B11,2,LEN(B11)),'Điểm thực hành các buổi'!$B$3:$E$41,4,0) -> 0.5 | F11: =VLOOKUP(MID(B11,2,LEN(B11)),'Điểm thực hành các buổi'!$B$3:$F$41,5,0) -> 0.5 | G11: =VLOOKUP(MID(B11,2,LEN(B11)),'Điểm bài tập lớn'!$B$3:$D$41,3,0) -> 1.2 | H11: =VLOOKUP(MID(B11,2,LEN(B11)),'Điểm lý thuyết'!$B$3:$D$41,3,0) -> 5.5 | I11: =IF(H11=-3,0,D11+E11+F11+G11+0.6*H11) -> 5.9 | J11: =IF(OR(G11=0,VALUE(LEFT(B11,1))>2),0,ROUND(I11+VLOOKUP(VALUE(LEFT(B11,1)),'Các bảng tham chiếu & Thống kê'!$E$3:$F$5,2,0),1)) -> 6.9 | K11: =LOOKUP(J11,'Các bảng tham chiếu & Thống kê'!$A$3:$A$10,'Các bảng tham chiếu & Thống kê'!$B$3:$B$10) -> C+
A12: 14 | B12: 0B1607017 | C12: =VLOOKUP(MID(B12,2,LEN(B12)),'Điểm thực hành các buổi'!$B$3:$C$41,2,0) -> Cao Ngọc Quyên | D12: =VLOOKUP(MID(B12,2,LEN(B12)),'Điểm thực hành các buổi'!$B$3:$D$41,3,0) -> 0.5 | E12: =VLOOKUP(MID(B12,2,LEN(B12)),'Điểm thực hành các buổi'!$B$3:$E$41,4,0) -> 0.5 | F12: =VLOOKUP(MID(B12,2,LEN(B12)),'Điểm thực hành các buổi'!$B$3:$F$41,5,0) -> 0.45 | G12: =VLOOKUP(MID(B12,2,LEN(B12)),'Điểm bài tập lớn'!$B$3:$D$41,3,0) -> 0.3 | H12: =VLOOKUP(MID(B12,2,LEN(B12)),'Điểm lý thuyết'!$B$3:$D$41,3,0) -> 6 | I12: =IF(H12=-3,0,D12+E12+F12+G12+0.6*H12) -> 5.35 | J12: =IF(OR(G12=0,VALUE(LEFT(B12,1))>2),0,ROUND(I12+VLOOKUP(VALUE(LEFT(B12,1)),'Các bảng tham chiếu & Thống kê'!$E$3:$F$5,2,0),1)) -> 6.4 | K12: =LOOKUP(J12,'Các bảng tham chiếu & Thống kê'!$A$3:$A$10,'Các bảng tham chiếu & Thống kê'!$B$3:$B$10) -> C
A13: 15 | B13: 4B1607025 | C13: =VLOOKUP(MID(B13,2,LEN(B13)),'Điểm thực hành các buổi'!$B$3:$C$41,2,0) -> Nguyễn Chí Thanh | D13: =VLOOKUP(MID(B13,2,LEN(B13)),'Điểm thực hành các buổi'!$B$3:$D$41,3,0) -> 0.4 | E13: =VLOOKUP(MID(B13,2,LEN(B13)),'Điểm thực hành các buổi'!$B$3:$E$41,4,0) -> 0.45 | F13: =VLOOKUP(MID(B13,2,LEN(B13)),'Điểm thực hành các buổi'!$B$3:$F$41,5,0) -> 0.4 | G13: =VLOOKUP(MID(B13,2,LEN(B13)),'Điểm bài tập lớn'!$B$3:$D$41,3,0) -> 0.3 | H13: =VLOOKUP(MID(B13,2,LEN(B13)),'Điểm lý thuyết'!$B$3:$D$41,3,0) -> -3 | I13: =IF(H13=-3,0,D13+E13+F13+G13+0.6*H13) -> 0 | J13: =IF(OR(G13=0,VALUE(LEFT(B13,1))>2),0,ROUND(I13+VLOOKUP(VALUE(LEFT(B13,1)),'Các bảng tham chiếu & Thống kê'!$E$3:$F$5,2,0),1)) -> 0 | K13: =LOOKUP(J13,'Các bảng tham chiếu & Thống kê'!$A$3:$A$10,'Các bảng tham chiếu & Thống kê'!$B$3:$B$10) -> F
... A27: 39 | B27: 1B1709313 | C27: =VLOOKUP(MID(B27,2,LEN(B27)),'Điểm thực hành các buổi'!$B$3:$C$41,2,0) -> Võ Thị Thùy Trang | D27: =VLOOKUP(MID(B27,2,LEN(B27)),'Điểm thực hành các buổi'!$B$3:$D$41,3,0) -> 0.4 | E27: =VLOOKUP(MID(B27,2,LEN(B27)),'Điểm thực hành các buổi'!$B$3:$E$41,4,0) -> 0.4 | F27: =VLOOKUP(MID(B27,2,LEN(B27)),'Điểm thực hành các buổi'!$B$3:$F$41,5,0) -> 0.4 | G27: =VLOOKUP(MID(B27,2,LEN(B27)),'Điểm bài tập lớn'!$B$3:$D$41,3,0) -> 0.75 | H27: =VLOOKUP(MID(B27,2,LEN(B27)),'Điểm lý thuyết'!$B$3:$D$41,3,0) -> 3.2 | I27: =IF(H27=-3,0,D27+E27+F27+G27+0.6*H27) -> 3.87 | J27: =IF(OR(G27=0,VALUE(LEFT(B27,1))>2),0,ROUND(I27+VLOOKUP(VALUE(LEFT(B27,1)),'Các bảng tham chiếu & Thống kê'!$E$3:$F$5,2,0),1)) -> 4.4 | K27: =LOOKUP(J27,'Các bảng tham chiếu & Thống kê'!$A$3:$A$10,'Các bảng tham chiếu & Thống kê'!$B$3:$B$10) -> D

Sheet SINH VIEN DIEM >=7
A1: STT | B1: Mã SV | C1: Họ và Tên | D1: Điểm TH 1 | E1: Điểm TH 2 | F1: Điểm TH 3 | G1: Điểm BT lớn | H1: Điểm LT | I1: Điểm tổng | J1: Điểm theo thang điểm 10 | K1: Điểm chữ
A2: 6 | B2: 0B1605235 | C2: =VLOOKUP(MID(B2,2,LEN(B2)),'Điểm thực hành các buổi'!$B$3:$C$41,2,0) -> Phạm Thị Huỳnh Như | D2: =VLOOKUP(MID(B2,2,LEN(B2)),'Điểm thực hành các buổi'!$B$3:$D$41,3,0) -> 0.4 | E2: =VLOOKUP(MID(B2,2,LEN(B2)),'Điểm thực hành các buổi'!$B$3:$E$41,4,0) -> 0.45 | F2: =VLOOKUP(MID(B2,2,LEN(B2)),'Điểm thực hành các buổi'!$B$3:$F$41,5,0) -> 0.5 | G2: =VLOOKUP(MID(B2,2,LEN(B2)),'Điểm bài tập lớn'!$B$3:$D$41,3,0) -> 1.2 | H2: =VLOOKUP(MID(B2,2,LEN(B2)),'Điểm lý thuyết'!$B$3:$D$41,3,0) -> 7.5 | I2: =IF(H2=-3,0,D2+E2+F2+G2+0.6*H2) -> 7.05 | J2: =IF(OR(G2=0,VALUE(LEFT(B2,1))>2),0,ROUND(I2+VLOOKUP(VALUE(LEFT(B2,1)),'Các bảng tham chiếu & Thống kê'!$E$3:$F$5,2,0),1)) -> 8.1 | K2: =LOOKUP(J2,'Các bảng tham chiếu & Thống kê'!$A$3:$A$10,'Các bảng tham chiếu & Thống kê'!$B$3:$B$10) -> B+
A3: 8 | B3: 0B1605257 | C3: =VLOOKUP(MID(B3,2,LEN(B3)),'Điểm thực hành các buổi'!$B$3:$C$41,2,0) -> Quách Thu Vân | D3: =VLOOKUP(MID(B3,2,LEN(B3)),'Điểm thực hành các buổi'!$B$3:$D$41,3,0) -> 0.45 | E3: =VLOOKUP(MID(B3,2,LEN(B3)),'Điểm thực hành các buổi'!$B$3:$E$41,4,0) -> 0.4 | F3: =VLOOKUP(MID(B3,2,LEN(B3)),'Điểm thực hành các buổi'!$B$3:$F$41,5,0) -> 0.4 | G3: =VLOOKUP(MID(B3,2,LEN(B3)),'Điểm bài tập lớn'!$B$3:$D$41,3,0) -> 1 | H3: =VLOOKUP(MID(B3,2,LEN(B3)),'Điểm lý thuyết'!$B$3:$D$41,3,0) -> 7.7 | I3: =IF(H3=-3,0,D3+E3+F3+G3+0.6*H3) -> 6.87 | J3: =IF(OR(G3=0,VALUE(LEFT(B3,1))>2),0,ROUND(I3+VLOOKUP(VALUE(LEFT(B3,1)),'Các bảng tham chiếu & Thống kê'!$E$3:$F$5,2,0),1)) -> 7.9 | K3: =LOOKUP(J3,'Các bảng tham chiếu & Thống kê'!$A$3:$A$10,'Các bảng tham chiếu & Thống kê'!$B$3:$B$10) -> B
A4: 17 | B4: 2B1609759 | C4: =VLOOKUP(MID(B4,2,LEN(B4)),'Điểm thực hành các buổi'!$B$3:$C$41,2,0) -> Nguyễn Hải Anh | D4: =VLOOKUP(MID(B4,2,LEN(B4)),'Điểm thực hành các buổi'!$B$3:$D$41,3,0) -> 0.5 | E4: =VLOOKUP(MID(B4,2,LEN(B4)),'Điểm thực hành các buổi'!$B$3:$E$41,4,0) -> 0.5 | F4: =VLOOKUP(MID(B4,2,LEN(B4)),'Điểm thực hành các buổi'!$B$3:$F$41,5,0) -> 0.45 | G4: =VLOOKUP(MID(B4,2,LEN(B4)),'Điểm bài tập lớn'!$B$3:$D$41,3,0) -> 1.5 | H4: =VLOOKUP(MID(B4,2,LEN(B4)),'Điểm lý thuyết'!$B$3:$D$41,3,0) -> 7 | I4: =IF(H4=-3,0,D4+E4+F4+G4+0.6*H4) -> 7.15 | J4: =IF(OR(G4=0,VALUE(LEFT(B4,1))>2),0,ROUND(I4+VLOOKUP(VALUE(LEFT(B4,1)),'Các bảng tham chiếu & Thống kê'!$E$3:$F$5,2,0),1)) -> 7.4 | K4: =LOOKUP(J4,'Các bảng tham chiếu & Thống kê'!$A$3:$A$10,'Các bảng tham chiếu & Thống kê'!$B$3:$B$10) -> B
A5: 21 | B5: 0B1704708 | C5: =VLOOKUP(MID(B5,2,LEN(B5)),'Điểm thực hành các buổi'!$B$3:$C$41,2,0) -> Ngô Hùng Vĩ | D5: =VLOOKUP(MID(B5,2,LEN(B5)),'Điểm thực hành các buổi'!$B$3:$D$41,3,0) -> 0.5 | E5: =VLOOKUP(MID(B5,2,LEN(B5)),'Điểm thực hành các buổi'!$B$3:$E$41,4,0) -> 0.4 | F5: =VLOOKUP(MID(B5,2,LEN(B5)),'Điểm thực hành các buổi'!$B$3:$F$41,5,0) -> 0.45 | G5: =VLOOKUP(MID(B5,2,LEN(B5)),'Điểm bài tập lớn'!$B$3:$D$41,3,0) -> 1.35 | H5: =VLOOKUP(MID(B5,2,LEN(B5)),'Điểm lý thuyết'!$B$3:$D$41,3,0) -> 6.7 | I5: =IF(H5=-3,0,D5+E5+F5+G5+0.6*H5) -> 6.72 | J5: =IF(OR(G5=0,VALUE(LEFT(B5,1))>2),0,ROUND(I5+VLOOKUP(VALUE(LEFT(B5,1)),'Các bảng tham chiếu & Thống kê'!$E$3:$F$5,2,0),1)) -> 7.7 | K5: =LOOKUP(J5,'Các bảng tham chiếu & Thống kê'!$A$3:$A$10,'Các bảng tham chiếu & Thống kê'!$B$3:$B$10) -> B
A6: 23 | B6: 0B1706555 | C6: =VLOOKUP(MID(B6,2,LEN(B6)),'Điểm thực hành các buổi'!$B$3:$C$41,2,0) -> Lê Hồng Quốc Vương | D6: =VLOOKUP(MID(B6,2,LEN(B6)),'Điểm thực hành các buổi'!$B$3:$D$41,3,0) -> 0.5 | E6: =VLOOKUP(MID(B6,2,LEN(B6)),'Điểm thực hành các buổi'!$B$3:$E$41,4,0) -> 0.5 | F6: =VLOOKUP(MID(B6,2,LEN(B6)),'Điểm thực hành các buổi'!$B$3:$F$41,5,0) -> 0.5 | G6: =VLOOKUP(MID(B6,2,LEN(B6)),'Điểm bài tập lớn'!$B$3:$D$41,3,0) -> 1.5 | H6: =VLOOKUP(MID(B6,2,LEN(B6)),'Điểm lý thuyết'!$B$3:$D$41,3,0) -> 7.5 | I6: =IF(H6=-3,0,D6+E6+F6+G6+0.6*H6) -> 7.5 | J6: =IF(OR(G6=0,VALUE(LEFT(B6,1))>2),0,ROUND(I6+VLOOKUP(VALUE(LEFT(B6,1)),'Các bảng tham chiếu & Thống kê'!$E$3:$F$5,2,0),1)) -> 8.5 | K6: =LOOKUP(J6,'Các bảng tham chiếu & Thống kê'!$A$3:$A$10,'Các bảng tham chiếu & Thống kê'!$B$3:$B$10) -> B+
A7: 24 | B7: 2B1706560 | C7: =VLOOKUP(MID(B7,2,LEN(B7)),'Điểm thực hành các buổi'!$B$3:$C$41,2,0) -> Huỳnh Hoàng Ẩn | D7: =VLOOKUP(MID(B7,2,LEN(B7)),'Điểm thực hành các buổi'!$B$3:$D$41,3,0) -> 0.45 | E7: =VLOOKUP(MID(B7,2,LEN(B7)),'Điểm thực hành các buổi'!$B$3:$E$41,4,0) -> 0.3 | F7: =VLOOKUP(MID(B7,2,LEN(B7)),'Điểm thực hành các buổi'!$B$3:$F$41,5,0) -> 0.45 | G7: =VLOOKUP(MID(B7,2,LEN(B7)),'Điểm bài tập lớn'!$B$3:$D$41,3,0) -> 1.2 | H7: =VLOOKUP(MID(B7,2,LEN(B7)),'Điểm lý thuyết'!$B$3:$D$41,3,0) -> 8.8 | I7: =IF(H7=-3,0,D7+E7+F7+G7+0.6*H7) -> 7.68 | J7: =IF(OR(G7=0,VALUE(LEFT(B7,1))>2),0,ROUND(I7+VLOOKUP(VALUE(LEFT(B7,1)),'Các bảng tham chiếu & Thống kê'!$E$3:$F$5,2,0),1)) -> 7.9 | K7: =LOOKUP(J7,'Các bảng tham chiếu & Thống kê'!$A$3:$A$10,'Các bảng tham chiếu & Thống kê'!$B$3:$B$10) -> B
A8: 26 | B8: 0B1706597 | C8: =VLOOKUP(MID(B8,2,LEN(B8)),'Điểm thực hành các buổi'!$B$3:$C$41,2,0) -> Đặng Trung Kiên | D8: =VLOOKUP(MID(B8,2,LEN(B8)),'Điểm thực hành các buổi'!$B$3:$D$41,3,0) -> 0.5 | E8: =VLOOKUP(MID(B8,2,LEN(B8)),'Điểm thực hành các buổi'!$B$3:$E$41,4,0) -> 0.3 | F8: =VLOOKUP(MID(B8,2,LEN(B8)),'Điểm thực hành các buổi'!$B$3:$F$41,5,0) -> 0.45 | G8: =VLOOKUP(MID(B8,2,LEN(B8)),'Điểm bài tập lớn'!$B$3:$D$41,3,0) -> 1 | H8: =VLOOKUP(MID(B8,2,LEN(B8)),'Điểm lý thuyết'!$B$3:$D$41,3,0) -> 7.8 | I8: =IF(H8=-3,0,D8+E8+F8+G8+0.6*H8) -> 6.93 | J8: =IF(OR(G8=0,VALUE(LEFT(B8,1))>2),0,ROUND(I8+VLOOKUP(VALUE(LEFT(B8,1)),'Các bảng tham chiếu & Thống kê'!$E$3:$F$5,2,0),1)) -> 7.9 | K8: =LOOKUP(J8,'Các bảng tham chiếu & Thống kê'!$A$3:$A$10,'Các bảng tham chiếu & Thống kê'!$B$3:$B$10) -> B
A9: 27 | B9: 0B1706606 | C9: =VLOOKUP(MID(B9,2,LEN(B9)),'Điểm thực hành các buổi'!$B$3:$C$41,2,0) -> Ngụy Hữu Lộc | D9: =VLOOKUP(MID(B9,2,LEN(B9)),'Điểm thực hành các buổi'!$B$3:$D$41,3,0) -> 0.5 | E9: =VLOOKUP(MID(B9,2,LEN(B9)),'Điểm thực hành các buổi'!$B$3:$E$41,4,0) -> 0.4 | F9: =VLOOKUP(MID(B9,2,LEN(B9)),'Điểm thực hành các buổi'!$B$3:$F$41,5,0) -> 0.45 | G9: =VLOOKUP(MID(B9,2,LEN(B9)),'Điểm bài tập lớn'!$B$3:$D$41,3,0) -> 1.5 | H9: =VLOOKUP(MID(B9,2,LEN(B9)),'Điểm lý thuyết'!$B$3:$D$41,3,0) -> 8.8 | I9: =IF(H9=-3,0,D9+E9+F9+G9+0.6*H9) -> 8.13 | J9: =IF(OR(G9=0,VALUE(LEFT(B9,1))>2),0,ROUND(I9+VLOOKUP(VALUE(LEFT(B9,1)),'Các bảng tham chiếu & Thống kê'!$E$3:$F$5,2,0),1)) -> 9.1 | K9: =LOOKUP(J9,'Các bảng tham chiếu & Thống kê'!$A$3:$A$10,'Các bảng tham chiếu & Thống kê'!$B$3:$B$10) -> A
A10: 28 | B10: 0B1706610 | C10: =VLOOKUP(MID(B10,2,LEN(B10)),'Điểm thực hành các buổi'!$B$3:$C$41,2,0) -> Nguyễn Trà Mi | D10: =VLOOKUP(MID(B10,2,LEN(B10)),'Điểm thực hành các buổi'!$B$3:$D$41,3,0) -> 0.5 | E10: =VLOOKUP(MID(B10,2,LEN(B10)),'Điểm thực hành các buổi'!$B$3:$E$41,4,0) -> 0.45 | F10: =VLOOKUP(MID(B10,2,LEN(B10)),'Điểm thực hành các buổi'!$B$3:$F$41,5,0) -> 0.45 | G10: =VLOOKUP(MID(B10,2,LEN(B10)),'Điểm bài tập lớn'!$B$3:$D$41,3,0) -> 1 | H10: =VLOOKUP(MID(B10,2,LEN(B10)),'Điểm lý thuyết'!$B$3:$D$41,3,0) -> 7.8 | I10: =IF(H10=-3,0,D10+E10+F10+G10+0.6*H10) -> 7.08 | J10: =IF(OR(G10=0,VALUE(LEFT(B10,1))>2),0,ROUND(I10+VLOOKUP(VALUE(LEFT(B10,1)),'Các bảng tham chiếu & Thống kê'!$E$3:$F$5,2,0),1)) -> 8.1 | K10: =LOOKUP(J10,'Các bảng tham chiếu & Thống kê'!$A$3:$A$10,'Các bảng tham chiếu & Thống kê'!$B$3:$B$10) -> B+
A11: 31 | B11: 0B1706633 | C11: =VLOOKUP(MID(B11,2,LEN(B11)),'Điểm thực hành các buổi'!$B$3:$C$41,2,0) -> Trần Thị Hoàng Quyên | D11: =VLOOKUP(MID(B11,2,LEN(B11)),'Điểm thực hành các buổi'!$B$3:$D$41,3,0) -> 0.4 | E11: =VLOOKUP(MID(B11,2,LEN(B11)),'Điểm thực hành các buổi'!$B$3:$E$41,4,0) -> 0.5 | F11: =VLOOKUP(MID(B11,2,LEN(B11)),'Điểm thực hành các buổi'!$B$3:$F$41,5,0) -> 0.5 | G11: =VLOOKUP(MID(B11,2,LEN(B11)),'Điểm bài tập lớn'!$B$3:$D$41,3,0) -> 1 | H11: =VLOOKUP(MID(B11,2,LEN(B11)),'Điểm lý thuyết'!$B$3:$D$41,3,0) -> 9.2 | I11: =IF(H11=-3,0,D11+E11+F11+G11+0.6*H11) -> 7.92 | J11: =IF(OR(G11=0,VALUE(LEFT(B11,1))>2),0,ROUND(I11+VLOOKUP(VALUE(LEFT(B11,1)),'Các bảng tham chiếu & Thống kê'!$E$3:$F$5,2,0),1)) -> 8.9 | K11: =LOOKUP(J11,'Các bảng tham chiếu & Thống kê'!$A$3:$A$10,'Các bảng tham chiếu & Thống kê'!$B$3:$B$10) -> B+
A12: 32 | B12: 0B1706641 | C12: =VLOOKUP(MID(B12,2,LEN(B12)),'Điểm thực hành các buổi'!$B$3:$C$41,2,0) -> Trương Quốc Thái | D12: =VLOOKUP(MID(B12,2,LEN(B12)),'Điểm thực hành các buổi'!$B$3:$D$41,3,0) -> 0.4 | E12: =VLOOKUP(MID(B12,2,LEN(B12)),'Điểm thực hành các buổi'!$B$3:$E$41,4,0) -> 0.4 | F12: =VLOOKUP(MID(B12,2,LEN(B12)),'Điểm thực hành các buổi'!$B$3:$F$41,5,0) -> 0.45 | G12: =VLOOKUP(MID(B12,2,LEN(B12)),'Điểm bài tập lớn'!$B$3:$D$41,3,0) -> 1 | H12: =VLOOKUP(MID(B12,2,LEN(B12)),'Điểm lý thuyết'!$B$3:$D$41,3,0) -> 7.5 | I12: =IF(H12=-3,0,D12+E12+F12+G12+0.6*H12) -> 6.75 | J12: =IF(OR(G12=0,VALUE(LEFT(B12,1))>2),0,ROUND(I12+VLOOKUP(VALUE(LEFT(B12,1)),'Các bảng tham chiếu & Thống kê'!$E$3:$F$5,2,0),1)) -> 7.8 | K12: =LOOKUP(J12,'Các bảng tham chiếu & Thống kê'!$A$3:$A$10,'Các bảng tham chiếu & Thống kê'!$B$3:$B$10) -> B
A13: 34 | B13: 1B1706655 | C13: =VLOOKUP(MID(B13,2,LEN(B13)),'Điểm thực hành các buổi'!$B$3:$C$41,2,0) -> Nguyễn Chí Tôn | D13: =VLOOKUP(MID(B13,2,LEN(B13)),'Điểm thực hành các buổi'!$B$3:$D$41,3,0) -> 0.4 | E13: =VLOOKUP(MID(B13,2,LEN(B13)),'Điểm thực hành các buổi'!$B$3:$E$41,4,0) -> 0 | F13: =VLOOKUP(MID(B13,2,LEN(B13)),'Điểm thực hành các buổi'!$B$3:$F$41,5,0) -> 0.45 | G13: =VLOOKUP(MID(B13,2,LEN(B13)),'Điểm bài tập lớn'!$B$3:$D$41,3,0) -> 0.75 | H13: =VLOOKUP(MID(B13,2,LEN(B13)),'Điểm lý thuyết'!$B$3:$D$41,3,0) -> 8.3 | I13: =IF(H13=-3,0,D13+E13+F13+G13+0.6*H13) -> 6.58 | J13: =IF(OR(G13=0,VALUE(LEFT(B13,1))>2),0,ROUND(I13+VLOOKUP(VALUE(LEFT(B13,1)),'Các bảng tham chiếu & Thống kê'!$E$3:$F$5,2,0),1)) -> 7.1 | K13: =LOOKUP(J13,'Các bảng tham chiếu & Thống kê'!$A$3:$A$10,'Các bảng tham chiếu & Thống kê'!$B$3:$B$10) -> B

Sheet Điểm thực hành các buổi
A1: Bảng Điểm thực hành các buổi
A2: STT | B2: Mã SV | C2: Họ và Tên | D2: Điểm TH 1 | E2: Điểm TH 2 | F2: Điểm TH 3
A3: 1 | B3: B1505719 | C3: Nguyễn Phước Hiếu | D3: 0.45 | E3: 0.25 | F3: 0.3
A4: 2 | B4: B1505915 | C4: Lý Minh Trí | D4: 0.5 | E4: 0.35 | F4: 0.4
A5: 3 | B5: B1509874 | C5: Nguyễn Kiều Mi | D5: 0.25 | E5: 0.25 | F5: 0.3
A6: 4 | B6: B1509929 | C6: Đặng Duy Linh | D6: 0.4 | E6: 0.25 | F6: 0.35
A7: 5 | B7: B1605223 | C7: Lê Thị Trúc Linh | D7: 0.45 | E7: 0.4 | F7: 0.35
A8: 6 | B8: B1605235 | C8: Phạm Thị Huỳnh Như | D8: 0.4 | E8: 0.45 | F8: 0.5
A9: 7 | B9: B1605249 | C9: Lê Minh Thông | D9: 0.4 | E9: 0.4 | F9: 0.4
A10: 8 | B10: B1605257 | C10: Quách Thu Vân | D10: 0.45 | E10: 0.4 | F10: 0.4
A11: 9 | B11: B1605281 | C11: Trần Thị Kim Khoa | D11: 0.5 | E11: 0.4 | F11: 0.4
A12: 10 | B12: B1605285 | C12: Huỳnh Thị Hồng Loan | D12: 0.45 | E12: 0.4 | F12: 0.45
A13: 11 | B13: B1605291 | C13: Trần Thị Thanh Nguyên | D13: 0.45 | E13: 0.4 | F13: 0.4
A14: 12 | B14: B1605344 | C14: Nguyễn Thị Thúy Nga | D14: 0.3 | E14: 0.5 | F14: 0.45
... A41: 39 | B41: B1709313 | C41: Võ Thị Thùy Trang | D41: 0.4 | E41: 0.4 | F41: 0.4

Sheet Điểm bài tập lớn
A1: Bảng Điểm bài tập lớn
A2: STT | B2: Mã SV | C2: Họ và Tên | D2: Điểm BL lớn
A3: 1 | B3: B1505719 | C3: Nguyễn Phước Hiếu | D3: 0.5
A4: 2 | B4: B1505915 | C4: Lý Minh Trí | D4: 1
A5: 3 | B5: B1509874 | C5: Nguyễn Kiều Mi | D5: 0.5
A6: 4 | B6: B1509929 | C6: Đặng Duy Linh | D6: 1
A7: 5 | B7: B1605223 | C7: Lê Thị Trúc Linh | D7: 0.75
A8: 6 | B8: B1605235 | C8: Phạm Thị Huỳnh Như | D8: 1.2
A9: 7 | B9: B1605249 | C9: Lê Minh Thông | D9: 1
A10: 8 | B10: B1605257 | C10: Quách Thu Vân | D10: 1
A11: 9 | B11: B1605281 | C11: Trần Thị Kim Khoa | D11: 1
A12: 10 | B12: B1605285 | C12: Huỳnh Thị Hồng Loan | D12: 0
A13: 11 | B13: B1605291 | C13: Trần Thị Thanh Nguyên | D13: 0.75
A14: 12 | B14: B1605344 | C14: Nguyễn Thị Thúy Nga | D14: 0.3
... A41: 39 | B41: B1709313 | C41: Võ Thị Thùy Trang | D41: 0.75

Sheet Điểm lý thuyết
A1: Bảng Điểm lý thuyết
A2: STT | B2: Mã SV | C2: Họ và Tên | D2: Điểm lý thuyết
A3: 1 | B3: B1505719 | C3: Nguyễn Phước Hiếu | D3: 4.2
A4: 2 | B4: B1505915 | C4: Lý Minh Trí | D4: 5.8
A5: 3 | B5: B1509874 | C5: Nguyễn Kiều Mi | D5: 5.8
A6: 4 | B6: B1509929 | C6: Đặng Duy Linh | D6: 4.5
A7: 5 | B7: B1605223 | C7: Lê Thị Trúc Linh | D7: 5.5
A8: 6 | B8: B1605235 | C8: Phạm Thị Huỳnh Như | D8: 7.5
A9: 7 | B9: B1605249 | C9: Lê Minh Thông | D9: 5.3
A10: 8 | B10: B1605257 | C10: Quách Thu Vân | D10: 7.7
A11: 9 | B11: B1605281 | C11: Trần Thị Kim Khoa | D11: -3
A12: 10 | B12: B1605285 | C12: Huỳnh Thị Hồng Loan | D12: 6.8
A13: 11 | B13: B1605291 | C13: Trần Thị Thanh Nguyên | D13: 6.3
A14: 12 | B14: B1605344 | C14: Nguyễn Thị Thúy Nga | D14: 8.3
... A41: 39 | B41: B1709313 | C41: Võ Thị Thùy Trang | D41: 3.2

Sheet Các bảng tham chiếu & Thống kê
A1: Bảng quy đổi điểm | E1: Bảng Điểm Chuyên cần
A2: Điểm theo thang điểm 10 | B2: Điểm chữ | C2: Điểm theo thang điểm 4 | E2: Số buổi vắng | F2: Điểm CT
A3: 0 | B3: F | C3: 0 | E3: 0 | F3: 1
A4: 4 | B4: D | C4: 1 | E4: 1 | F4: 0.5
A5: 5 | B5: D+ | C5: 1.5 | E5: 2 | F5: 0.25
A6: 5.5 | B6: C | C6: 2
A7: 6.5 | B7: C+ | C7: 2.5
A8: 7 | B8: B | C8: 3
A9: 8 | B9: B+ | C9: 3.5
A10: 9 | B10: A | C10: 4
A12: Bảng Danh sách Sinh viên | E12: Bảng thống kê theo điểm chữ
A13: STT | B13: Mã SV | C13: Họ và Tên | E13: Điểm chữ | F13: Số lượng sinh viên
A14: 1 | B14: B1607017 | C14: Cao Ngọc Quyên | E14: A | F14: =COUNTIF('Tổng hợp điểm'!$A$6:$K$45,E14) -> 1
A15: 2 | B15: B1509929 | C15: Đặng Duy Linh | E15: B+ | F15: =COUNTIF('Tổng hợp điểm'!$A$6:$K$45,E15) -> 5
A16: 3 | B16: B1706597 | C16: Đặng Trung Kiên | E16: B | F16: =COUNTIF('Tổng hợp điểm'!$A$6:$K$45,E16) -> 7
A17: 4 | B17: B1609773 | C17: Đào Nguyễn Duy Khanh | E17: C+ | F17: =COUNTIF('Tổng hợp điểm'!$A$6:$K$45,E17) -> 6
A18: 5 | B18: B1706589 | C18: Hồ Thị Mỷ Huyền | E18: C | F18: =COUNTIF('Tổng hợp điểm'!$A$6:$K$45,E18) -> 9
A19: 6 | B19: B1706560 | C19: Huỳnh Hoàng Ẩn | E19: D+ | F19: =COUNTIF('Tổng hợp điểm'!$A$6:$K$45,E19) -> 1
A20: 7 | B20: B1706892 | C20: Huỳnh Lê Tỷ | E20: D | F20: =COUNTIF('Tổng hợp điểm'!$A$6:$K$45,E20) -> 1
A21: 8 | B21: B1605285 | C21: Huỳnh Thị Hồng Loan | E21: F | F21: =COUNTIF('Tổng hợp điểm'!$A$6:$K$45,E21) -> 9
A22: 9 | B22: B1706626 | C22: Lại Ngọc Hoàng Phi
A23: 10 | B23: B1706555 | C23: Lê Hồng Quốc Vương | E23: Bảng thống kê SV
A24: 11 | B24: B1605249 | C24: Lê Minh Thông | E24: Số sinh viên điểm BT lớn =0 hoặc điểm LT =-3 | F24: =COUNTIF('Tổng hợp điểm'!G7:G45,0)+COUNTIF('Tổng hợp điểm'!H7:H45,-3) -> 9
A25: 12 | B25: B1706550 | C25: Lê Thanh Tùng
A26: 13 | B26: B1605223 | C26: Lê Thị Trúc Linh
A27: 14 | B27: B1505915 | C27: Lý Minh Trí | E27: Số SV có Điểm theo thang điểm 10 >= 7 và có Điểm chữ là B+ hoặc A | F27: =COUNTIFS('Tổng hợp điểm'!J7:J45,">=7",'Tổng hợp điểm'!K7:K45,"B+")+countifs('Tổng hợp điểm'!J7:J45,">=7",'Tổng hợp điểm'!K7:K45,"A") -> 6
A28: 15 | B28: B1704708 | C28: Ngô Hùng Vĩ
A29: 16 | B29: B1706606 | C29: Ngụy Hữu Lộc
A30: 17 | B30: B1706877 | C30: Nguyễn Anh Thư
A31: 18 | B31: B1609533 | C31: Nguyễn Bích Ngân
A32: 19 | B32: B1607025 | C32: Nguyễn Chí Thanh
A33: 20 | B33: B1706655 | C33: Nguyễn Chí Tôn
A34: 21 | B34: B1609759 | C34: Nguyễn Hải Anh
A35: 22 | B35: B1609762 | C35: Nguyễn Hoàng Châu
A36: 23 | B36: B1706630 | C36: Nguyễn Khắc Minh Phúc
A37: 24 | B37: B1509874 | C37: Nguyễn Kiều Mi
A38: 25 | B38: B1709289 | C38: Nguyễn Ngọc Luyến
A39: 26 | B39: B1505719 | C39: Nguyễn Phước Hiếu
... A52: 39 | B52: B1606845 | C52: Vũ Mạnh Thắng

Sheet Sheet1
